{
  "project_info": {
    "project_number": "992591495318",
    "firebase_url": "https://milkyzone-a73dd.firebaseio.com",
    "project_id": "milkyzone-a73dd",
    "storage_bucket": "milkyzone-a73dd.appspot.com"
  },
  "client": [
    {
      "client_info": {
        "mobilesdk_app_id": "1:992591495318:android:3ce9223c383bf4616402b7",
        "android_client_info": {
          "package_name": "minor.MilkyZone"
        }
      },
      "oauth_client": [
        {
          "client_id": "992591495318-icv8inaaob120p1mcqe12cbreg229l02.apps.googleusercontent.com",
          "client_type": 1,
          "android_info": {
            "package_name": "minor.MilkyZone",
            "certificate_hash": "297feeb5e3ea6c9db539d4b8c378df438a5416ae"
          }
        },
        {
          "client_id": "992591495318-g2eaagtdd01v3ivhnpvoj6616qgcu7oq.apps.googleusercontent.com",
          "client_type": 3
        }
      ],
      "api_key": [
        {
          "current_key": "AIzaSyBCsPeCKe6W9yZ0wwDuWrAYJRtSBFkVm0A"
        }
      ],
      "services": {
        "appinvite_service": {
          "other_platform_oauth_client": [
            {
              "client_id": "992591495318-g2eaagtdd01v3ivhnpvoj6616qgcu7oq.apps.googleusercontent.com",
              "client_type": 3
            }
          ]
        }
      }
    },
    {
      "client_info": {
        "mobilesdk_app_id": "1:992591495318:android:83ea9b73a95ffcd46402b7",
        "android_client_info": {
          "package_name": "minor.f.tryyyyyy"
        }
      },
      "oauth_client": [
        {
          "client_id": "992591495318-87gu4fccqojjd42kf3gc98ofbavnsa95.apps.googleusercontent.com",
          "client_type": 1,
          "android_info": {
            "package_name": "minor.f.tryyyyyy",
            "certificate_hash": "297feeb5e3ea6c9db539d4b8c378df438a5416ae"
          }
        },
        {
          "client_id": "992591495318-g2eaagtdd01v3ivhnpvoj6616qgcu7oq.apps.googleusercontent.com",
          "client_type": 3
        }
      ],
      "api_key": [
        {
          "current_key": "AIzaSyBCsPeCKe6W9yZ0wwDuWrAYJRtSBFkVm0A"
        }
      ],
      "services": {
        "appinvite_service": {
          "other_platform_oauth_client": [
            {
              "client_id": "992591495318-g2eaagtdd01v3ivhnpvoj6616qgcu7oq.apps.googleusercontent.com",
              "client_type": 3
            }
          ]
        }
      }
    }
  ],
  "configuration_version": "1"
}